{
    "FricParameter": [
        {
            "index": 0,
            "F_c_n": 51.31292173983149,
            "F_c_p": 51.25341560958035,
            "F_s_n": 13.519600308419998,
            "F_s_p": 11.770659340742332,
            "F_v_n": 0.27816464039441513,
            "F_v_p": 0.26687120953633225,
            "delta_n": 1.0613616113701798,
            "delta_p": 0.975329935297958,
            "sigma_2_n": 1.6290374031480077,
            "sigma_2_p": 1.7577599654028129,
            "k": [
                65300.46616788586,
                64581.13012322224,
                41589.981759459144,
                63303.41759483414,
                61069.942678233114,
                70003.63113796293,
                1956.0108541331476,
                64523.055189444596
            ],
            "alpha": [
                0.03656602492184931,
                0.021012982770499778,
                0.0852336027249046,
                0.13148870998393672,
                0.018862529142265765,
                0.03527827236674979,
                0.6250441884900554,
                0.046513689599738624
            ],
            "C": 12838.563533521052
        }
    ]
}