{
    "FricParameter": [
        {
            "index": 0,
            "F_c_n": 52.749440637526654,
            "F_c_p": 50.58123708182778,
            "F_s_n": 12.865891220946798,
            "F_s_p": 11.979542770893529,
            "F_v_n": 0.28718694247383464,
            "F_v_p": 0.261810714915,
            "sigma_2_n": 0.7612267455768094,
            "sigma_2_p": 2.1667419488118234,
            "k": [
                459590.00000102323,
                94899.96529066126,
                22890.000015438978,
                13319.982611018384,
                3409.6977610665263,
                949.9157986015896,
                1079.9042762928214,
                1719.8475510805406
            ],
            "alpha": [
                0.150974478621422,
                0.12544888923016223,
                0.06596242925927258,
                0.054194553429011756,
                0.15085491236503287,
                0.15085491236503287,
                0.15085491236503287,
                0.15085491236503287
            ],
            "sigma": [
                0.0009999992780434326,
                0.001001646010494029,
                0.0010195919813119005,
                0.0010240559655602386,
                0.0010293603240750192,
                0.0010293602687323612,
                0.0010293603145293628,
                0.0010293605120821048
            ],
            "C": 19553.069166994526,
            "gamma1": 1846,
            "gamma2": 14
        }
    ]
}