{
    "FricParameter": [
        {
            "index": 0,
            "F_c_n": 51.31292173983149,
            "F_c_p": 51.25341560958035,
            "F_s_n": 13.519600308419998,
            "F_s_p": 11.770659340742332,
            "F_v_n": 0.27816464039441513,
            "F_v_p": 0.26687120953633225,
            "delta_n": 1.0613616113701798,
            "delta_p": 0.975329935297958,
            "sigma_2_n": 1.6290374031480077,
            "sigma_2_p": 1.7577599654028129,
            "k": [
                58270.362533910185,
                58270.36253391003,
                58270.364675433484,
                58270.36281952553,
                58178.27975183025,
                58270.36199168064,
                58270.36335198804,
                58270.36221779813
            ],
            "alpha": [
                0.09957956705618158,
                0.09957957719638466,
                0.03764854433040825,
                0.033765816405643884,
                0.5760953556691818,
                0.017450158679449133,
                0.03992310988820854,
                0.09595787077454225
            ],
            "C": 7521.120674376449
        }
    ]
}