{
    "FricParameter": [
        {
            "index": 0,
            "F_c_n": 51.31292173983149,
            "F_c_p": 51.25341560958035,
            "F_s_n": 13.519600308419998,
            "F_s_p": 11.770659340742332,
            "F_v_n": 0.27816464039441513,
            "F_v_p": 0.26687120953633225,
            "delta_n": 1.0613616113701798,
            "delta_p": 0.975329935297958,
            "sigma_2_n": 1.6290374031480077,
            "sigma_2_p": 1.7577599654028129,
            "k": [
                459590.00000099646,
                94899.96419856696,
                22890.00001486379,
                13319.981258055524,
                3409.7160260695023,
                949.9208870884386,
                1079.9100610997345,
                1719.8567639240407
            ],
            "alpha": [
                0.15204332971623888,
                0.12734863836904645,
                0.06836847085391809,
                0.05719615489085472,
                0.14876085154248547,
                0.14876085154248547,
                0.14876085154248547,
                0.14876085154248547
            ],
            "sigma": [
                0.000999999161826997,
                0.0010012517088720983,
                0.0010182368410170306,
                0.0010221609359596488,
                0.0010267771700083613,
                0.001026777216675743,
                0.001026777242551128,
                0.0010267773784095671
            ],
            "C": 20105.127186189737,
            "gamma1": 1846,
            "gamma2": 14
        }
    ]
}