{
  "FricParameter": [
    {
      "index": 0,
      "F_c_n": 51.31292173983149,
      "F_c_p": 51.25341560958035,
      "F_s_n": 13.519600308419998,
      "F_s_p": 11.770659340742332,
      "F_v_n": 0.27816464039441513,
      "F_v_p": 0.26687120953633225,
      "delta_n": 1.0613616113701798,
      "delta_p": 0.975329935297958,
      "sigma_2_n": 1.6290374031480077,
      "sigma_2_p": 1.7577599654028129
    }
  ]
}