{
    "FricParameter": [
        {
            "index": 0,
            "F_c_p": 9.714237355702965,
            "F_c_n": 9.207136359597818,
            "F_v1_p": 25.563903179892247,
            "F_v1_n": 25.189569066050804,
            "F_v2_p": 0.36782871475169393,
            "F_v2_n": 0.3455155679041236
        }
    ]
}