{
    "FricParameter": [
        {
            "index": 0,
            "F_c_p": 11.172002927719861,
            "F_c_n": 10.917780344212856,
            "F_v1_p": 24.5471945289058,
            "F_v1_n": 23.98780087882439,
            "F_v2_p": 0.4104009370299078,
            "F_v2_n": 0.39471987616365256,
            "arc_k": 393.42968773364987,
            "k": [
                459582.4964978506,
                51351.264515022136,
                16140.437107825623,
                6568.877375611191,
                1563.116461354241,
                541.0745914069255,
                490.30401351868693,
                562.5052318119687
            ],
            "alpha": [
                0.11753254381101542,
                0.10430538253260138,
                0.12956727583775418,
                0.09472768798764525,
                0.10767607317562747,
                0.251341897860362,
                0.0739693983042057,
                0.12087974049078848
            ],
            "sigma": [
                83.45769499505742,
                1.0159120322567894e-06,
                1.0772084732602652e-06,
                1.0337840398303981e-05,
                1.13868133460192e-05,
                0.0013940071588675325,
                0.001330853827050612,
                0.0014327897239523812
            ],
            "C": 7428.5076226941155,
            "gamma1": 1846,
            "gamma2": 14
        }
    ]
}